LOCNAME,GRADE,ANNUAL1,ANNUAL2,ANNUAL3,ANNUAL4,ANNUAL5,ANNUAL6,ANNUAL7,ANNUAL8,ANNUAL9,ANNUAL10
AK,1,24049,24854,25654,26449,27249,27716,28506,29305,29336,30087
AK,2,27039,27683,28578,29336,29669,30542,31415,32288,33161,34034
AK,3,29502,30485,31469,32452,33435,34418,35401,36385,37368,38351
AK,4,33120,34224,35327,36431,37534,38638,39741,40845,41948,43052
AK,5,37055,38291,39526,40762,41997,43232,44468,45703,46939,48174
AK,6,41304,42681,44057,45433,46809,48185,49562,50938,52314,53690
AK,7,45900,47430,48960,50490,52020,53549,55079,56609,58139,59669
AK,8,50833,52528,54223,55918,57613,59308,61003,62698,64393,66088
AK,9,56146,58017,59889,61761,63632,65504,67376,69247,71119,72991
AK,10,61830,63891,65952,68013,70074,72135,74197,76258,78319,80380
AK,11,67930,70195,72459,74724,76989,79253,81518,83783,86047,88312
AK,12,81421,84135,86849,89563,92277,94991,97705,100419,103133,105847
AK,13,96819,100046,103274,106501,109729,112956,116183,119411,122638,125865
AK,14,114411,118225,122039,125853,129666,133480,137294,141107,144921,148735
AK,15,134578,139064,143550,148036,152522,157008,161493,164200,164200,164200
AL,1,21885,22617,23345,24069,24797,25222,25941,26668,26696,27380
AL,2,24606,25192,26006,26696,26999,27793,28588,29382,30177,30972
AL,3,26847,27742,28637,29532,30426,31321,32216,33110,34005,34900
AL,4,30140,31144,32148,33152,34157,35161,36165,37169,38174,39178
AL,5,33721,34845,35969,37094,38218,39342,40466,41591,42715,43839
AL,6,37588,38840,40092,41345,42597,43849,45102,46354,47607,48859
AL,7,41770,43162,44554,45946,47339,48731,50123,51515,52907,54299
AL,8,46259,47801,49344,50886,52428,53971,55513,57056,58598,60141
AL,9,51093,52797,54500,56203,57906,59610,61313,63016,64719,66422
AL,10,56266,58142,60017,61893,63769,65644,67520,69396,71271,73147
AL,11,61817,63878,65939,68000,70061,72122,74183,76243,78304,80365
AL,12,74094,76564,79034,81503,83973,86443,88913,91383,93852,96322
AL,13,88107,91044,93981,96918,99854,102791,105728,108665,111602,114539
AL,14,104116,107587,111057,114528,117998,121469,124939,128410,131880,135351
AL,15,122468,126550,130633,134715,138797,142879,146961,151043,155126,159208
AQ,1,21746,22474,23197,23916,24640,25062,25776,26499,26526,27206
AQ,2,24450,25032,25841,26526,26827,27617,28406,29196,29985,30775
AQ,3,26677,27566,28455,29344,30233,31122,32011,32900,33789,34678
AQ,4,29948,30946,31944,32942,33940,34938,35935,36933,37931,38929
AQ,5,33507,34624,35741,36858,37975,39092,40209,41326,42443,43560
AQ,6,37349,38593,39838,41082,42326,43571,44815,46060,47304,48549
AQ,7,41505,42888,44271,45655,47038,48421,49805,51188,52571,53955
AQ,8,45965,47497,49030,50563,52095,53628,55161,56693,58226,59759
AQ,9,50769,52461,54154,55846,57539,59231,60923,62616,64308,66001
AQ,10,55909,57772,59636,61500,63364,65227,67091,68955,70818,72682
AQ,11,61425,63472,65520,67568,69616,71664,73711,75759,77807,79855
AQ,12,73623,76077,78532,80986,83440,85894,88348,90802,93256,95710
AQ,13,87547,90465,93384,96302,99220,102139,105057,107975,110893,113812
AQ,14,103455,106903,110352,113800,117249,120697,124146,127594,131043,134491
AQ,15,121690,125747,129803,133859,137915,141972,146028,150084,154140,158196
ATL,1,22760,23522,24279,25032,25789,26231,26979,27735,27764,28475
ATL,2,25590,26200,27047,27764,28079,28905,29731,30558,31384,32210
ATL,3,27921,28852,29782,30713,31643,32574,33504,34435,35365,36296
ATL,4,31345,32390,33434,34479,35523,36567,37612,38656,39700,40745
ATL,5,35070,36239,37408,38577,39747,40916,42085,43254,44423,45593
ATL,6,39091,40394,41696,42998,44301,45603,46906,48208,49511,50813
ATL,7,43441,44889,46336,47784,49232,50680,52128,53576,55024,56471
ATL,8,48109,49713,51317,52921,54526,56130,57734,59338,60942,62546
ATL,9,53137,54909,56680,58451,60223,61994,63765,65537,67308,69079
ATL,10,58517,60467,62418,64369,66319,68270,70221,72171,74122,76073
ATL,11,64290,66433,68577,70720,72863,75007,77150,79293,81436,83580
ATL,12,77058,79626,82195,84764,87332,89901,92469,95038,97606,100175
ATL,13,91631,94685,97740,100794,103849,106903,109958,113012,116066,119121
ATL,14,108281,111890,115499,119109,122718,126327,129937,133546,137156,140765
ATL,15,127367,131612,135858,140103,144349,148594,152840,157085,161331,164200
AU,1,21924,22658,23388,24112,24842,25268,25988,26716,26744,27429
AU,2,24650,25237,26053,26744,27048,27844,28639,29435,30231,31027
AU,3,26896,27792,28688,29585,30481,31377,32274,33170,34066,34963
AU,4,30194,31200,32206,33212,34218,35224,36230,37236,38242,39248
AU,5,33782,34908,36034,37160,38287,39413,40539,41665,42792,43918
AU,6,37655,38910,40165,41419,42674,43928,45183,46438,47692,48947
AU,7,41845,43240,44635,46029,47424,48819,50213,51608,53003,54397
AU,8,46342,47887,49433,50978,52523,54068,55613,57159,58704,60249
AU,9,51186,52892,54598,56304,58011,59717,61423,63130,64836,66542
AU,10,56367,58246,60125,62005,63884,65763,67642,69521,71400,73279
AU,11,61929,63993,66058,68122,70187,72252,74316,76381,78445,80510
AU,12,74228,76702,79176,81650,84125,86599,89073,91547,94022,96496
AU,13,88265,91208,94150,97092,100034,102977,105919,108861,111804,114746
AU,14,104304,107781,111257,114734,118211,121688,125164,128641,132118,135595
AU,15,122689,126779,130868,134958,139047,143137,147226,151316,155405,159495
BOS,1,23947,24749,25546,26337,27134,27599,28386,29181,29212,29960
BOS,2,26925,27566,28457,29212,29543,30413,31282,32152,33021,33891
BOS,3,29378,30357,31336,32315,33294,34273,35252,36231,37210,38189
BOS,4,32980,34079,35178,36277,37376,38475,39574,40672,41771,42870
BOS,5,36899,38129,39359,40590,41820,43050,44280,45510,46741,47971
BOS,6,41130,42501,43871,45241,46612,47982,49353,50723,52093,53464
BOS,7,45707,47230,48753,50277,51800,53324,54847,56370,57894,59417
BOS,8,50618,52306,53994,55682,57370,59058,60745,62433,64121,65809
BOS,9,55909,57773,59636,61500,63364,65228,67091,68955,70819,72683
BOS,10,61569,63621,65674,67726,69779,71831,73884,75936,77988,80041
BOS,11,67643,69899,72154,74409,76664,78919,81174,83429,85684,87940
BOS,12,81077,83780,86482,89185,91888,94590,97293,99995,102698,105400
BOS,13,96411,99624,102838,106052,109266,112479,115693,118907,122121,125335
BOS,14,113929,117727,121524,125322,129119,132917,136715,140512,144310,148108
BOS,15,134011,138478,142945,147411,151878,156345,160812,164200,164200,164200
BU,1,22388,23138,23882,24623,25367,25802,26538,27281,27310,28010
BU,2,25172,25771,26605,27310,27620,28433,29246,30058,30871,31684
BU,3,27465,28380,29296,30211,31126,32042,32957,33872,34787,35703
BU,4,30833,31860,32888,33915,34942,35970,36997,38024,39052,40079
BU,5,34497,35647,36797,37947,39097,40247,41397,42547,43697,44847
BU,6,38452,39733,41015,42296,43577,44858,46139,47421,48702,49983
BU,7,42731,44155,45579,47003,48428,49852,51276,52700,54124,55549
BU,8,47323,48901,50479,52057,53635,55213,56790,58368,59946,61524
BU,9,52269,54011,55754,57496,59238,60981,62723,64466,66208,67950
BU,10,57560,59479,61398,63317,65236,67154,69073,70992,72911,74830
BU,11,63239,65348,67456,69564,71672,73781,75889,77997,80106,82214
BU,12,75798,78325,80852,83378,85905,88432,90958,93485,96011,98538
BU,13,90133,93138,96143,99147,102152,105156,108161,111165,114170,117174
BU,14,106511,110062,113612,117162,120713,124263,127813,131364,134914,138465
BU,15,125286,129462,133638,137814,141990,146166,150342,154518,158694,162870
CHI,1,23945,24747,25544,26335,27132,27597,28384,29179,29210,29958
CHI,2,26923,27564,28455,29210,29541,30411,31280,32149,33019,33888
CHI,3,29375,30354,31333,32312,33291,34270,35249,36228,37207,38186
CHI,4,32978,34077,35175,36274,37373,38472,39571,40669,41768,42867
CHI,5,36896,38126,39356,40586,41817,43047,44277,45507,46737,47967
CHI,6,41127,42497,43868,45238,46608,47978,49349,50719,52089,53460
CHI,7,45703,47226,48750,50273,51796,53319,54843,56366,57889,59412
CHI,8,50615,52302,53990,55678,57365,59053,60741,62428,64116,65804
CHI,9,55905,57768,59632,61495,63359,65223,67086,68950,70813,72677
CHI,10,61564,63616,65669,67721,69773,71826,73878,75930,77982,80035
CHI,11,67638,69893,72148,74403,76658,78913,81168,83423,85678,87933
CHI,12,81071,83773,86476,89178,91880,94583,97285,99987,102690,105392
CHI,13,96403,99617,102830,106044,109257,112471,115684,118898,122111,125325
CHI,14,113920,117717,121515,125312,129109,132907,136704,140501,144299,148096
CHI,15,134000,138467,142933,147400,151866,156333,160800,164200,164200,164200
CIN,1,22518,23272,24021,24765,25514,25952,26691,27439,27468,28172
CIN,2,25318,25921,26759,27468,27780,28597,29415,30232,31050,31867
CIN,3,27624,28545,29465,30386,31306,32227,33148,34068,34989,35909
CIN,4,31012,32045,33078,34111,35145,36178,37211,38245,39278,40311
CIN,5,34696,35853,37010,38167,39323,40480,41637,42794,43950,45107
CIN,6,38675,39963,41252,42541,43829,45118,46406,47695,48984,50272
CIN,7,42978,44411,45843,47276,48708,50140,51573,53005,54438,55870
CIN,8,47597,49184,50771,52358,53945,55532,57119,58706,60293,61880
CIN,9,52571,54324,56076,57829,59581,61334,63086,64839,66591,68344
CIN,10,57894,59824,61753,63683,65613,67543,69473,71403,73333,75263
CIN,11,63605,65726,67846,69967,72087,74208,76328,78449,80569,82690
CIN,12,76237,78779,81320,83861,86402,88944,91485,94026,96567,99109
CIN,13,90655,93677,96699,99721,102743,105765,108787,111809,114831,117853
CIN,14,107128,110699,114270,117841,121412,124982,128553,132124,135695,139266
CIN,15,126011,130211,134411,138612,142812,147012,151212,155413,159613,163813
CLE,1,22557,23312,24063,24809,25559,25997,26738,27488,27516,28221
CLE,2,25362,25966,26805,27516,27829,28647,29466,30285,31104,31923
CLE,3,27672,28595,29517,30439,31361,32284,33206,34128,35050,35972
CLE,4,31066,32101,33136,34171,35206,36241,37276,38312,39347,40382
CLE,5,34757,35916,37075,38233,39392,40551,41710,42869,44027,45186
CLE,6,38743,40033,41324,42615,43906,45197,46488,47779,49069,50360
CLE,7,43053,44488,45923,47358,48793,50228,51663,53098,54533,55968
CLE,8,47680,49270,50860,52450,54040,55629,57219,58809,60399,61989
CLE,9,52663,54419,56175,57930,59686,61441,63197,64952,66708,68464
CLE,10,57995,59928,61862,63795,65728,67661,69595,71528,73461,75395
CLE,11,63717,65841,67965,70089,72214,74338,76462,78586,80711,82835
CLE,12,76371,78917,81462,84008,86554,89099,91645,94191,96736,99282
CLE,13,90814,93841,96869,99896,102923,105950,108977,112005,115032,118059
CLE,14,107315,110893,114470,118047,121624,125201,128779,132356,135933,139510
CLE,15,126232,130439,134647,138855,143062,147270,151477,155685,159893,164100
COL,1,22349,23097,23840,24579,25323,25757,26491,27233,27262,27960
COL,2,25128,25726,26558,27262,27571,28383,29194,30005,30817,31628
COL,3,27417,28330,29244,30158,31071,31985,32899,33812,34726,35640
COL,4,30779,31804,32830,33855,34881,35906,36932,37957,38983,40008
COL,5,34436,35584,36732,37880,39028,40176,41324,42472,43620,44768
COL,6,38384,39663,40942,42221,43500,44779,46058,47337,48616,49895
COL,7,42656,44077,45499,46921,48342,49764,51186,52607,54029,55451
COL,8,47239,48815,50390,51965,53540,55115,56690,58266,59841,61416
COL,9,52177,53916,55655,57395,59134,60873,62613,64352,66091,67831
COL,10,57459,59374,61290,63205,65121,67036,68951,70867,72782,74698
COL,11,63128,65232,67337,69442,71546,73651,75755,77860,79964,82069
COL,12,75665,78187,80709,83231,85754,88276,90798,93320,95842,98364
COL,13,89975,92974,95973,98972,101972,104971,107970,110969,113969,116968
COL,14,106323,109868,113412,116956,120500,124044,127588,131132,134676,138221
COL,15,125065,129234,133402,137571,141740,145908,150077,154246,158415,162583
CS,1,21901,22635,23363,24087,24816,25242,25961,26689,26717,27401
CS,2,24625,25211,26026,26717,27020,27815,28610,29405,30200,30995
CS,3,26868,27764,28659,29554,30450,31345,32241,33136,34031,34927
CS,4,30163,31168,32173,33178,34183,35188,36193,37198,38203,39208
CS,5,33747,34872,35997,37122,38247,39372,40498,41623,42748,43873
CS,6,37617,38870,40123,41377,42630,43883,45137,46390,47643,48897
CS,7,41802,43195,44589,45982,47375,48768,50162,51555,52948,54341
CS,8,46294,47838,49382,50925,52469,54013,55556,57100,58644,60187
CS,9,51133,52837,54542,56247,57951,59656,61360,63065,64769,66474
CS,10,56309,58187,60064,61941,63818,65695,67572,69449,71326,73203
CS,11,61865,63927,65990,68052,70115,72177,74240,76302,78365,80427
CS,12,74151,76623,79095,81566,84038,86510,88981,91453,93925,96397
CS,13,88175,91114,94053,96992,99932,102871,105810,108749,111689,114628
CS,14,104196,107670,111143,114616,118089,121563,125036,128509,131982,135455
CS,15,122563,126648,130734,134819,138904,142989,147075,151160,155245,159331
CT,1,21830,22561,23287,24009,24735,25159,25876,26602,26630,27312
CT,2,24545,25129,25942,26630,26932,27724,28517,29309,30102,30894
CT,3,26781,27673,28566,29458,30351,31243,32136,33028,33921,34813
CT,4,30065,31066,32068,33070,34072,35073,36075,37077,38079,39080
CT,5,33637,34758,35880,37001,38123,39244,40366,41487,42608,43730
CT,6,37494,38743,39993,41242,42491,43740,44990,46239,47488,48737
CT,7,41666,43055,44443,45832,47221,48609,49998,51387,52776,54164
CT,8,46144,47682,49221,50759,52298,53837,55375,56914,58452,59991
CT,9,50966,52665,54364,56063,57762,59461,61160,62859,64558,66257
CT,10,56126,57997,59868,61739,63610,65481,67352,69223,71094,72965
CT,11,61663,63719,65775,67831,69886,71942,73998,76054,78109,80165
CT,12,73910,76373,78837,81301,83764,86228,88691,91155,93619,96082
CT,13,87887,90817,93747,96676,99606,102536,105465,108395,111325,114254
CT,14,103857,107319,110781,114243,117704,121166,124628,128090,131552,135014
CT,15,122163,126235,130307,134379,138451,142523,146595,150667,154739,158811
DAY,1,22187,22930,23668,24402,25140,25571,26300,27037,27065,27758
DAY,2,24946,25540,26366,27065,27372,28178,28983,29789,30594,31400
DAY,3,27218,28126,29033,29940,30847,31754,32661,33568,34475,35382
DAY,4,30556,31574,32592,33611,34629,35647,36665,37683,38701,39719
DAY,5,34187,35327,36466,37606,38746,39886,41026,42165,43305,44445
DAY,6,38107,39377,40646,41916,43186,44455,45725,46995,48264,49534
DAY,7,42347,43759,45170,46581,47993,49404,50816,52227,53638,55050
DAY,8,46898,48462,50025,51589,53153,54717,56281,57844,59408,60972
DAY,9,51800,53526,55253,56980,58707,60433,62160,63887,65614,67340
DAY,10,57044,58945,60847,62748,64650,66551,68453,70355,72256,74158
DAY,11,62672,64761,66850,68940,71029,73118,75208,77297,79386,81476
DAY,12,75118,77622,80126,82630,85134,87638,90142,92645,95149,97653
DAY,13,89324,92302,95279,98257,101234,104212,107190,110167,113145,116122
DAY,14,105555,109073,112592,116110,119629,123147,126666,130184,133703,137221
DAY,15,124161,128299,132438,136576,140715,144854,148992,153131,157269,161408
DCB,1,24086,24893,25694,26490,27292,27760,28551,29351,29382,30134
DCB,2,27081,27726,28623,29382,29715,30589,31464,32338,33213,34087
DCB,3,29548,30533,31518,32502,33487,34472,35457,36441,37426,38411
DCB,4,33172,34277,35382,36488,37593,38698,39803,40909,42014,43119
DCB,5,37113,38351,39588,40825,42063,43300,44537,45775,47012,48249
DCB,6,41369,42747,44126,45504,46882,48261,49639,51017,52396,53774
DCB,7,45972,47504,49036,50569,52101,53633,55165,56698,58230,59762
DCB,8,50912,52610,54308,56005,57703,59400,61098,62796,64493,66191
DCB,9,56233,58108,59983,61857,63732,65606,67481,69355,71230,73105
DCB,10,61926,63991,66055,68119,70184,72248,74312,76377,78441,80505
DCB,11,68036,70304,72573,74841,77109,79377,81645,83914,86182,88450
DCB,12,81548,84266,86984,89703,92421,95139,97858,100576,103294,106012
DCB,13,96970,100203,103435,106668,109900,113132,116365,119597,122830,126062
DCB,14,114590,118410,122230,126049,129869,133689,137508,141328,145148,148967
DCB,15,134789,139282,143774,148267,152760,157253,161746,164200,164200,164200
DEN,1,23570,24359,25143,25922,26706,27164,27938,28721,28751,29488
DEN,2,26501,27132,28009,28751,29078,29933,30789,31645,32500,33356
DEN,3,28915,29878,30842,31805,32769,33733,34696,35660,36623,37587
DEN,4,32460,33542,34623,35705,36787,37868,38950,40031,41113,42194
DEN,5,36317,37528,38739,39950,41160,42371,43582,44793,46004,47214
DEN,6,40482,41830,43179,44528,45877,47226,48574,49923,51272,52621
DEN,7,44986,46485,47985,49484,50983,52483,53982,55482,56981,58480
DEN,8,49820,51482,53143,54804,56465,58126,59788,61449,63110,64771
DEN,9,55027,56862,58696,60530,62365,64199,66034,67868,69702,71537
DEN,10,60598,62618,64638,66658,68679,70699,72719,74739,76759,78779
DEN,11,66577,68796,71016,73236,75455,77675,79894,82114,84333,86553
DEN,12,79799,82459,85119,87779,90439,93099,95759,98419,101079,103739
DEN,13,94890,98054,101217,104380,107543,110706,113869,117032,120195,123358
DEN,14,112133,115870,119608,123346,127084,130821,134559,138297,142035,145772
DEN,15,131898,136294,140691,145087,149484,153880,158277,162673,164200,164200
DET,1,23716,24510,25299,26083,26872,27333,28112,28900,28930,29671
DET,2,26665,27300,28183,28930,29258,30119,30980,31842,32703,33564
DET,3,29094,30064,31034,32003,32973,33942,34912,35882,36851,37821
DET,4,32662,33750,34839,35927,37015,38104,39192,40280,41368,42457
DET,5,36543,37761,38980,40198,41416,42635,43853,45071,46290,47508
DET,6,40733,42090,43448,44805,46162,47519,48876,50234,51591,52948
DET,7,45266,46774,48283,49792,51300,52809,54318,55826,57335,58844
DET,8,50130,51802,53473,55145,56816,58488,60159,61831,63502,65174
DET,9,55369,57215,59061,60907,62753,64598,66444,68290,70136,71981
DET,10,60975,63008,65040,67073,69105,71138,73171,75203,77236,79269
DET,11,66991,69224,71458,73691,75924,78158,80391,82624,84858,87091
DET,12,80295,82972,85648,88325,91001,93678,96354,99031,101707,104384
DET,13,95480,98663,101846,105029,108211,111394,114577,117760,120942,124125
DET,14,112830,116591,120352,124113,127874,131635,135396,139157,142918,146679
DET,15,132718,137142,141565,145989,150413,154837,159261,163684,164200,164200
DFW,1,23181,23957,24728,25494,26266,26716,27477,28247,28277,29001
DFW,2,26063,26684,27547,28277,28598,29440,30281,31123,31964,32806
DFW,3,28438,29385,30333,31281,32228,33176,34124,35072,36019,36967
DFW,4,31925,32989,34052,35116,36180,37243,38307,39371,40434,41498
DFW,5,35718,36909,38100,39291,40481,41672,42863,44054,45245,46435
DFW,6,39814,41140,42467,43793,45120,46447,47773,49100,50426,51753
DFW,7,44244,45718,47193,48668,50142,51617,53092,54566,56041,57516
DFW,8,48998,50632,52266,53900,55534,57168,58801,60435,62069,63703
DFW,9,54120,55924,57728,59532,61336,63140,64944,66748,68552,70357
DFW,10,59598,61585,63572,65559,67545,69532,71519,73506,75492,77479
DFW,11,65479,67661,69844,72027,74210,76393,78576,80759,82942,85125
DFW,12,78482,81098,83715,86331,88947,91563,94179,96795,99411,102027
DFW,13,93325,96436,99547,102658,105769,108880,111990,115101,118212,121323
DFW,14,110283,113959,117635,121311,124987,128663,132339,136015,139691,143367
DFW,15,129722,134046,138370,142694,147018,151341,155665,159989,164200,164200
DV,1,21806,22536,23261,23982,24708,25131,25848,26572,26600,27281
DV,2,24517,25101,25913,26600,26902,27693,28485,29277,30068,30860
DV,3,26751,27642,28534,29425,30317,31208,32100,32991,33883,34774
DV,4,30031,31032,32032,33033,34033,35034,36035,37035,38036,39037
DV,5,33599,34720,35840,36960,38080,39200,40320,41441,42561,43681
DV,6,37452,38700,39948,41196,42443,43691,44939,46187,47435,48683
DV,7,41619,43006,44394,45781,47168,48555,49942,51329,52717,54104
DV,8,46092,47629,49166,50703,52239,53776,55313,56850,58387,59924
DV,9,50909,52606,54303,56000,57698,59395,61092,62789,64486,66183
DV,10,56063,57932,59801,61670,63539,65408,67276,69145,71014,72883
DV,11,61594,63648,65701,67755,69808,71862,73915,75969,78022,80075
DV,12,73827,76288,78749,81210,83670,86131,88592,91053,93514,95975
DV,13,87789,90715,93642,96568,99494,102421,105347,108274,111200,114126
DV,14,103741,107199,110657,114115,117573,121031,124489,127947,131405,134863
DV,15,122027,126094,130162,134229,138297,142364,146431,150499,154566,158634
GS,1,18785,19414,20039,20660,21285,21650,22267,22891,22915,23502
GS,2,21121,21624,22323,22915,23175,23857,24539,25221,25903,26585
GS,3,23045,23813,24581,25349,26117,26885,27653,28421,29189,29957
GS,4,25871,26733,27595,28457,29319,30181,31043,31905,32767,33629
GS,5,28945,29910,30875,31840,32805,33770,34735,35700,36665,37630
GS,6,32264,33339,34414,35489,36564,37639,38714,39789,40864,41939
GS,7,35854,37049,38244,39439,40634,41829,43024,44219,45414,46609
GS,8,39707,41031,42355,43679,45003,46327,47651,48975,50299,51623
GS,9,43857,45319,46781,48243,49705,51167,52629,54091,55553,57015
GS,10,48297,49907,51517,53127,54737,56347,57957,59567,61177,62787
GS,11,53062,54831,56600,58369,60138,61907,63676,65445,67214,68983
GS,12,63600,65720,67840,69960,72080,74200,76320,78440,80560,82680
GS,13,75628,78149,80670,83191,85712,88233,90754,93275,95796,98317
GS,14,89370,92349,95328,98307,101286,104265,107244,110223,113202,116181
GS,15,105123,108627,112131,115635,119139,122643,126147,129651,133155,136659
HAR,1,24084,24891,25692,26488,27289,27757,28549,29349,29379,30132
HAR,2,27079,27724,28620,29379,29713,30587,31461,32336,33210,34085
HAR,3,29546,30531,31515,32500,33485,34469,35454,36439,37423,38408
HAR,4,33169,34274,35380,36485,37590,38695,39800,40905,42011,43116
HAR,5,37110,38348,39585,40822,42059,43297,44534,45771,47008,48245
HAR,6,41366,42744,44122,45500,46879,48257,49635,51013,52392,53770
HAR,7,45968,47501,49033,50565,52097,53629,55161,56693,58225,59757
HAR,8,50908,52606,54303,56001,57698,59396,61093,62791,64488,66186
HAR,9,56229,58103,59978,61852,63727,65601,67476,69350,71225,73099
HAR,10,61922,63986,66050,68114,70178,72242,74307,76371,78435,80499
HAR,11,68031,70299,72567,74835,77103,79371,81639,83907,86175,88443
HAR,12,81542,84260,86978,89696,92414,95132,97850,100568,103286,106004
HAR,13,96963,100195,103427,106659,109891,113124,116356,119588,122820,126052
HAR,14,114581,118401,122220,126039,129859,133678,137498,141317,145136,148956
HAR,15,134778,139271,143763,148256,152748,157241,161733,164200,164200,164200
HB,1,21819,22549,23275,23997,24723,25146,25863,26588,26616,27298
HB,2,24532,25116,25928,26616,26918,27710,28502,29294,30086,30878
HB,3,26767,27659,28551,29443,30335,31227,32119,33011,33903,34795
HB,4,30049,31050,32052,33053,34054,35055,36056,37058,38059,39060
HB,5,33620,34740,35861,36982,38103,39224,40345,41466,42586,43707
HB,6,37475,38723,39972,41220,42469,43718,44966,46215,47464,48712
HB,7,41644,43032,44420,45808,47196,48584,49972,51360,52748,54136
HB,8,46120,47658,49195,50733,52271,53809,55347,56884,58422,59960
HB,9,50940,52638,54336,56034,57732,59430,61129,62827,64525,66223
HB,10,56097,57967,59837,61707,63577,65447,67317,69187,71057,72927
HB,11,61632,63686,65741,67796,69850,71905,73960,76014,78069,80124
HB,12,73871,76334,78796,81259,83721,86183,88646,91108,93570,96033
HB,13,87842,90770,93698,96626,99554,102483,105411,108339,111267,114195
HB,14,103803,107263,110723,114184,117644,121104,124564,128024,131484,134944
HB,15,122100,126170,130240,134310,138380,142450,146520,150590,154660,158729
HI,1,22247,22992,23732,24468,25208,25640,26371,27110,27138,27833
HI,2,25014,25609,26437,27138,27446,28254,29062,29869,30677,31485
HI,3,27292,28202,29111,30021,30930,31840,32749,33659,34569,35478
HI,4,30639,31660,32681,33702,34722,35743,36764,37785,38806,39827
HI,5,34280,35422,36565,37708,38851,39994,41137,42280,43422,44565
HI,6,38210,39483,40757,42030,43303,44576,45849,47122,48395,49668
HI,7,42462,43877,45292,46708,48123,49538,50953,52369,53784,55199
HI,8,47025,48593,50161,51729,53297,54865,56433,58001,59569,61137
HI,9,51940,53671,55403,57134,58866,60597,62329,64060,65791,67523
HI,10,57198,59105,61012,62918,64825,66732,68638,70545,72452,74359
HI,11,62841,64936,67031,69126,71221,73316,75411,77507,79602,81697
HI,12,75321,77832,80343,82854,85364,87875,90386,92896,95407,97918
HI,13,89566,92552,95537,98523,101509,104494,107480,110466,113451,116437
HI,14,105841,109369,112897,116425,119953,123481,127009,130537,134065,137593
HI,15,124497,128647,132797,136947,141096,145246,149396,153546,157695,161845
HNT,1,22258,23004,23744,24480,25221,25653,26384,27124,27152,27848
HNT,2,25026,25622,26451,27152,27460,28268,29076,29884,30692,31501
HNT,3,27306,28216,29126,30036,30946,31856,32766,33676,34586,35496
HNT,4,30655,31676,32697,33719,34740,35761,36783,37804,38826,39847
HNT,5,34297,35440,36584,37727,38871,40014,41158,42301,43444,44588
HNT,6,38230,39503,40777,42051,43325,44598,45872,47146,48420,49694
HNT,7,42483,43899,45315,46731,48147,49563,50979,52395,53811,55227
HNT,8,47049,48618,50186,51755,53324,54893,56462,58030,59599,61168
HNT,9,51966,53698,55431,57163,58895,60628,62360,64092,65825,67557
HNT,10,57227,59135,61042,62950,64858,66766,68673,70581,72489,74396
HNT,11,62873,64969,67065,69161,71258,73354,75450,77546,79642,81738
HNT,12,75360,77872,80384,82896,85408,87920,90432,92944,95456,97968
HNT,13,89612,92599,95586,98573,101560,104547,107534,110522,113509,116496
HNT,14,105895,109424,112954,116484,120014,123544,127073,130603,134133,137663
HNT,15,124560,128712,132864,137016,141168,145320,149472,153623,157775,161927
HOU,1,24747,25576,26399,27217,28041,28522,29335,30157,30188,30962
HOU,2,27825,28487,29408,30188,30531,31429,32328,33226,34125,35023
HOU,3,30359,31371,32383,33395,34407,35418,36430,37442,38454,39465
HOU,4,34082,35218,36354,37489,38625,39760,40896,42032,43167,44303
HOU,5,38132,39403,40675,41946,43217,44489,45760,47031,48302,49574
HOU,6,42505,43921,45337,46753,48169,49586,51002,52418,53834,55250
HOU,7,47234,48808,50383,51957,53531,55106,56680,58254,59828,61403
HOU,8,52310,54054,55798,57543,59287,61031,62775,64520,66264,68008
HOU,9,57777,59703,61629,63555,65481,67407,69333,71259,73186,75112
HOU,10,63626,65747,67868,69990,72111,74232,76353,78474,80595,82716
HOU,11,69904,72234,74565,76895,79226,81556,83887,86217,88548,90878
HOU,12,83787,86580,89372,92165,94958,97751,100544,103337,106130,108923
HOU,13,99632,102953,106275,109596,112917,116238,119559,122880,126202,129523
HOU,14,117736,121661,125585,129510,133434,137359,141283,145208,149132,153057
HOU,15,138489,143105,147721,152338,156954,161570,164200,164200,164200,164200
IND,1,21834,22565,23291,24013,24740,25164,25881,26606,26634,27316
IND,2,24549,25134,25946,26634,26936,27729,28522,29314,30107,30900
IND,3,26785,27678,28570,29463,30356,31248,32141,33034,33926,34819
IND,4,30070,31072,32074,33076,34077,35079,36081,37083,38085,39087
IND,5,33643,34764,35886,37008,38129,39251,40372,41494,42616,43737
IND,6,37500,38750,39999,41249,42498,43748,44997,46247,47496,48746
IND,7,41673,43062,44451,45840,47229,48618,50007,51396,52785,54174
IND,8,46151,47690,49229,50768,52307,53846,55385,56924,58463,60001
IND,9,50975,52674,54374,56073,57772,59471,61171,62870,64569,66269
IND,10,56136,58007,59878,61750,63621,65492,67363,69235,71106,72977
IND,11,61674,63730,65786,67842,69898,71955,74011,76067,78123,80179
IND,12,73922,76386,78850,81315,83779,86243,88707,91171,93635,96099
IND,13,87902,90833,93763,96693,99623,102553,105483,108414,111344,114274
IND,14,103875,107337,110800,114262,117725,121187,124650,128112,131575,135037
IND,15,122184,126257,130330,134403,138475,142548,146621,150693,154766,158839
KC,1,21809,22540,23265,23986,24712,25136,25852,26576,26604,27286
KC,2,24521,25105,25917,26604,26906,27698,28490,29282,30073,30865
KC,3,26755,27647,28539,29430,30322,31213,32105,32997,33888,34780
KC,4,30036,31037,32038,33039,34039,35040,36041,37042,38042,39043
KC,5,33605,34726,35846,36966,38087,39207,40327,41448,42568,43688
KC,6,37459,38707,39955,41203,42451,43699,44947,46195,47443,48691
KC,7,41626,43014,44401,45789,47176,48563,49951,51338,52726,54113
KC,8,46100,47637,49174,50711,52248,53786,55323,56860,58397,59934
KC,9,50918,52615,54313,56010,57708,59405,61102,62800,64497,66194
KC,10,56073,57942,59811,61680,63550,65419,67288,69157,71026,72896
KC,11,61605,63659,65713,67766,69820,71874,73928,75982,78035,80089
KC,12,73840,76301,78762,81224,83685,86146,88608,91069,93530,95991
KC,13,87804,90731,93658,96585,99512,102439,105365,108292,111219,114146
KC,14,103759,107217,110676,114134,117593,121052,124510,127969,131428,134886
KC,15,122048,126116,130184,134252,138320,142389,146457,150525,154593,158661
LA,1,24528,25349,26165,26976,27792,28268,29074,29889,29920,30687
LA,2,27578,28234,29147,29920,30260,31150,32041,32931,33822,34712
LA,3,30090,31093,32095,33098,34101,35104,36107,37109,38112,39115
LA,4,33780,34905,36031,37156,38282,39407,40533,41658,42784,43909
LA,5,37793,39053,40313,41573,42833,44093,45353,46613,47873,49133
LA,6,42127,43531,44934,46338,47742,49145,50549,51952,53356,54760
LA,7,46815,48375,49935,51496,53056,54616,56176,57737,59297,60857
LA,8,51845,53574,55303,57032,58760,60489,62218,63947,65675,67404
LA,9,57264,59173,61082,62991,64900,66809,68718,70627,72536,74444
LA,10,63061,65164,67266,69368,71470,73572,75674,77777,79879,81981
LA,11,69283,71593,73903,76212,78522,80832,83142,85452,87761,90071
LA,12,83043,85811,88579,91347,94115,96883,99651,102419,105187,107955
LA,13,98747,102039,105331,108622,111914,115206,118497,121789,125081,128373
LA,14,116690,120580,124470,128359,132249,136139,140028,143918,147808,151698
LA,15,137259,141834,146409,150985,155560,160135,164200,164200,164200,164200
LR,1,22054,22792,23526,24255,24989,25417,26141,26874,26902,27591
LR,2,24796,25387,26207,26902,27207,28008,28809,29609,30410,31211
LR,3,27055,27956,28858,29760,30661,31563,32465,33366,34268,35170
LR,4,30373,31385,32397,33409,34421,35432,36444,37456,38468,39480
LR,5,33981,35114,36247,37380,38513,39646,40779,41912,43045,44178
LR,6,37878,39140,40402,41664,42926,44188,45450,46712,47974,49236
LR,7,42093,43496,44898,46301,47704,49107,50510,51913,53316,54719
LR,8,46616,48170,49725,51279,52834,54388,55942,57497,59051,60605
LR,9,51488,53205,54921,56637,58354,60070,61786,63503,65219,66936
LR,10,56701,58591,60481,62371,64261,66151,68042,69932,71822,73712
LR,11,62295,64372,66448,68525,70602,72679,74756,76832,78909,80986
LR,12,74666,77155,79644,82133,84622,87111,89600,92089,94577,97066
LR,13,88787,91747,94707,97666,100626,103586,106545,109505,112465,115424
LR,14,104920,108418,111915,115412,118910,122407,125904,129402,132899,136396
LR,15,123414,127528,131642,135755,139869,143983,148097,152210,156324,160438
LV,1,21883,22615,23343,24067,24795,25220,25939,26666,26694,27377
LV,2,24604,25190,26004,26694,26997,27791,28585,29380,30174,30969
LV,3,26845,27740,28634,29529,30424,31318,32213,33108,34002,34897
LV,4,30137,31141,32145,33150,34154,35158,36162,37166,38170,39174
LV,5,33718,34842,35966,37090,38215,39339,40463,41587,42711,43835
LV,6,37584,38837,40089,41341,42593,43846,45098,46350,47602,48855
LV,7,41766,43158,44550,45942,47335,48727,50119,51511,52903,54295
LV,8,46255,47797,49339,50882,52424,53966,55509,57051,58593,60136
LV,9,51089,52792,54495,56198,57901,59604,61308,63011,64714,66417
LV,10,56261,58137,60012,61888,63763,65639,67514,69390,71265,73141
LV,11,61812,63873,65933,67994,70055,72115,74176,76237,78298,80358
LV,12,74088,76557,79027,81496,83966,86436,88905,91375,93844,96314
LV,13,88099,91036,93972,96909,99846,102783,105719,108656,111593,114529
LV,14,104107,107577,111048,114518,117988,121458,124929,128399,131869,135339
LV,15,122458,126540,130621,134703,138785,142867,146949,151030,155112,159194
MFL,1,23038,23809,24576,25337,26104,26552,27308,28074,28103,28823
MFL,2,25903,26520,27377,28103,28422,29258,30095,30931,31767,32604
MFL,3,28262,29204,30146,31088,32030,32972,33914,34856,35797,36739
MFL,4,31728,32785,33843,34900,35957,37014,38071,39128,40185,41243
MFL,5,35498,36682,37865,39049,40232,41416,42599,43782,44966,46149
MFL,6,39569,40887,42205,43524,44842,46160,47479,48797,50116,51434
MFL,7,43971,45437,46902,48368,49834,51299,52765,54230,55696,57161
MFL,8,48697,50320,51944,53568,55192,56815,58439,60063,61687,63310
MFL,9,53786,55579,57372,59165,60958,62751,64544,66337,68130,69923
MFL,10,59231,61206,63180,65155,67129,69104,71078,73053,75027,77002
MFL,11,65075,67245,69414,71584,73753,75923,78092,80262,82431,84601
MFL,12,77999,80599,83199,85799,88399,90999,93599,96199,98799,101399
MFL,13,92750,95842,98934,102025,105117,108209,111301,114392,117484,120576
MFL,14,109603,113257,116910,120564,124217,127871,131524,135177,138831,142484
MFL,15,128923,133220,137517,141815,146112,150409,154707,159004,163301,164200
MIL,1,22568,23324,24075,24821,25572,26010,26752,27501,27530,28235
MIL,2,25375,25979,26819,27530,27842,28662,29481,30301,31120,31939
MIL,3,27686,28609,29532,30454,31377,32300,33222,34145,35068,35990
MIL,4,31081,32117,33153,34188,35224,36259,37295,38331,39366,40402
MIL,5,34775,35934,37093,38253,39412,40571,41731,42890,44049,45209
MIL,6,38762,40053,41345,42636,43928,45219,46511,47803,49094,50386
MIL,7,43075,44511,45946,47382,48818,50253,51689,53125,54560,55996
MIL,8,47704,49295,50885,52476,54067,55657,57248,58839,60429,62020
MIL,9,52690,54446,56203,57959,59716,61472,63228,64985,66741,68498
MIL,10,58024,59958,61893,63827,65761,67695,69630,71564,73498,75432
MIL,11,63749,65874,67999,70125,72250,74375,76500,78626,80751,82876
MIL,12,76409,78956,81503,84050,86597,89144,91691,94238,96785,99332
MIL,13,90859,93888,96917,99946,102974,106003,109032,112061,115089,118118
MIL,14,107369,110948,114527,118106,121685,125264,128843,132422,136001,139580
MIL,15,126295,130504,134714,138924,143134,147343,151553,155763,159972,164182
MSP,1,23175,23951,24722,25488,26259,26710,27471,28241,28270,28994
MSP,2,26057,26678,27540,28270,28591,29432,30274,31115,31957,32798
MSP,3,28431,29378,30326,31273,32221,33168,34116,35063,36010,36958
MSP,4,31917,32981,34044,35107,36171,37234,38298,39361,40425,41488
MSP,5,35709,36900,38090,39281,40472,41662,42853,44043,45234,46424
MSP,6,39804,41130,42457,43783,45109,46435,47761,49088,50414,51740
MSP,7,44233,45707,47182,48656,50130,51604,53079,54553,56027,57502
MSP,8,48987,50620,52253,53887,55520,57154,58787,60420,62054,63687
MSP,9,54106,55910,57714,59517,61321,63125,64928,66732,68536,70339
MSP,10,59584,61570,63557,65543,67529,69515,71502,73488,75474,77460
MSP,11,65463,67645,69827,72010,74192,76375,78557,80739,82922,85104
MSP,12,78463,81079,83694,86310,88925,91541,94156,96771,99387,102002
MSP,13,93302,96412,99523,102633,105743,108853,111963,115073,118184,121294
MSP,14,110256,113931,117606,121281,124957,128632,132307,135982,139657,143332
MSP,15,129690,134013,138336,142659,146982,151305,155628,159950,164200,164200
NY,1,24821,25652,26478,27298,28124,28606,29421,30246,30278,31053
NY,2,27907,28572,29495,30278,30621,31522,32423,33325,34226,35127
NY,3,30449,31464,32479,33494,34508,35523,36538,37553,38567,39582
NY,4,34183,35322,36461,37600,38739,39878,41017,42156,43295,44434
NY,5,38245,39520,40795,42070,43345,44620,45895,47170,48445,49721
NY,6,42630,44051,45471,46892,48312,49732,51153,52573,53994,55414
NY,7,47374,48953,50532,52111,53690,55269,56848,58427,60006,61584
NY,8,52465,54214,55964,57713,59462,61212,62961,64711,66460,68209
NY,9,57948,59880,61812,63743,65675,67607,69539,71470,73402,75334
NY,10,63815,65942,68069,70197,72324,74451,76579,78706,80833,82960
NY,11,70111,72448,74786,77123,79460,81798,84135,86472,88810,91147
NY,12,84035,86836,89637,92438,95239,98040,100842,103643,106444,109245
NY,13,99927,103258,106589,109920,113251,116582,119913,123244,126575,129906
NY,14,118085,122021,125957,129893,133829,137765,141701,145638,149574,153510
NY,15,138899,143529,148159,152789,157418,162048,164200,164200,164200,164200
PB,1,21777,22507,23231,23951,24676,25099,25814,26538,26565,27246
PB,2,24486,25069,25879,26565,26867,27657,28448,29239,30029,30820
PB,3,26716,27606,28497,29387,30277,31168,32058,32948,33839,34729
PB,4,29992,30992,31991,32990,33990,34989,35988,36987,37987,38986
PB,5,33556,34675,35793,36912,38031,39150,40268,41387,42506,43624
PB,6,37404,38650,39896,41142,42389,43635,44881,46127,47374,48620
PB,7,41566,42951,44336,45722,47107,48492,49878,51263,52648,54034
PB,8,46032,47567,49102,50637,52172,53707,55242,56777,58312,59847
PB,9,50843,52538,54233,55928,57623,59318,61013,62708,64403,66097
PB,10,55991,57857,59724,61590,63457,65323,67190,69056,70922,72789
PB,11,61515,63566,65616,67667,69718,71769,73820,75870,77921,79972
PB,12,73731,76189,78647,81105,83562,86020,88478,90935,93393,95851
PB,13,87676,90598,93521,96443,99366,102289,105211,108134,111056,113979
PB,14,103607,107060,110514,113967,117421,120874,124328,127782,131235,134689
PB,15,121869,125931,129993,134056,138118,142180,146242,150304,154367,158429
PHL,1,23404,24188,24967,25740,26519,26974,27742,28520,28550,29281
PHL,2,26315,26941,27812,28550,28874,29723,30573,31423,32273,33122
PHL,3,28712,29669,30625,31582,32539,33496,34453,35410,36367,37323
PHL,4,32233,33307,34381,35455,36529,37603,38676,39750,40824,41898
PHL,5,36063,37265,38467,39669,40872,42074,43276,44479,45681,46883
PHL,6,40198,41537,42876,44216,45555,46894,48234,49573,50912,52252
PHL,7,44670,46159,47648,49137,50626,52115,53604,55092,56581,58070
PHL,8,49471,51121,52770,54420,56069,57719,59368,61018,62668,64317
PHL,9,54641,56463,58284,60106,61927,63749,65570,67392,69213,71035
PHL,10,60173,62179,64185,66191,68197,70203,72209,74215,76220,78226
PHL,11,66110,68314,70518,72722,74926,77130,79334,81538,83742,85946
PHL,12,79239,81881,84522,87163,89804,92446,95087,97728,100370,103011
PHL,13,94225,97366,100507,103648,106789,109929,113070,116211,119352,122493
PHL,14,111346,115058,118769,122481,126192,129904,133615,137327,141038,144750
PHL,15,130973,135338,139704,144070,148435,152801,157167,161532,164200,164200
PIT,1,22232,22976,23716,24451,25191,25623,26353,27091,27120,27815
PIT,2,24997,25592,26419,27120,27428,28235,29042,29849,30656,31463
PIT,3,27274,28183,29092,30001,30909,31818,32727,33636,34545,35454
PIT,4,30618,31639,32659,33679,34699,35719,36739,37760,38780,39800
PIT,5,34256,35398,36541,37683,38825,39967,41109,42251,43393,44535
PIT,6,38184,39457,40729,42001,43273,44546,45818,47090,48363,49635
PIT,7,42433,43847,45262,46676,48090,49505,50919,52333,53747,55162
PIT,8,46993,48560,50127,51694,53261,54828,56395,57962,59529,61096
PIT,9,51905,53635,55365,57096,58826,60556,62286,64017,65747,67477
PIT,10,57159,59065,60970,62876,64781,66687,68592,70498,72403,74308
PIT,11,62799,64892,66986,69080,71173,73267,75361,77454,79548,81641
PIT,12,75271,77780,80289,82798,85307,87816,90325,92834,95343,97852
PIT,13,89506,92489,95473,98457,101440,104424,107407,110391,113375,116358
PIT,14,105769,109295,112821,116346,119872,123398,126923,130449,133975,137500
PIT,15,124413,128560,132707,136854,141001,145148,149295,153442,157589,161736
POR,1,23017,23788,24554,25315,26081,26528,27284,28048,28078,28797
POR,2,25880,26496,27352,28078,28396,29232,30068,30903,31739,32575
POR,3,28237,29178,30119,31060,32001,32942,33883,34824,35765,36706
POR,4,31700,32756,33812,34868,35925,36981,38037,39093,40149,41206
POR,5,35466,36649,37831,39014,40196,41378,42561,43743,44926,46108
POR,6,39533,40850,42167,43485,44802,46119,47436,48753,50071,51388
POR,7,43932,45396,46860,48325,49789,51253,52717,54182,55646,57110
POR,8,48653,50275,51898,53520,55142,56764,58387,60009,61631,63254
POR,9,53738,55529,57321,59112,60904,62695,64486,66278,68069,69860
POR,10,59178,61151,63124,65097,67069,69042,71015,72987,74960,76933
POR,11,65017,67184,69352,71520,73687,75855,78022,80190,82357,84525
POR,12,77929,80527,83124,85722,88320,90917,93515,96113,98710,101308
POR,13,92667,95756,98845,101934,105023,108112,111201,114290,117379,120468
POR,14,109505,113155,116805,120456,124106,127756,131406,135056,138706,142357
POR,15,128807,133101,137394,141688,145981,150274,154568,158861,163155,164200
PX,1,22371,23120,23864,24604,25348,25783,26518,27261,27289,27989
PX,2,25153,25752,26584,27289,27599,28411,29223,30036,30848,31660
PX,3,27444,28359,29274,30188,31103,32017,32932,33847,34761,35676
PX,4,30810,31836,32863,33889,34916,35943,36969,37996,39022,40049
PX,5,34471,35620,36769,37918,39067,40217,41366,42515,43664,44814
PX,6,38423,39703,40984,42264,43544,44824,46105,47385,48665,49945
PX,7,42699,44122,45545,46968,48391,49814,51237,52660,54084,55507
PX,8,47287,48864,50441,52017,53594,55171,56748,58324,59901,61478
PX,9,52229,53970,55711,57453,59194,60935,62676,64417,66158,67899
PX,10,57517,59434,61352,63269,65186,67104,69021,70938,72856,74773
PX,11,63192,65298,67405,69512,71618,73725,75832,77938,80045,82152
PX,12,75741,78266,80791,83315,85840,88365,90889,93414,95939,98464
PX,13,90065,93068,96070,99072,102074,105077,108079,111081,114083,117086
PX,14,106431,109978,113526,117074,120621,124169,127717,131265,134812,138360
PX,15,125191,129364,133537,137710,141883,146056,150228,154401,158574,162747
RA,1,22452,23204,23951,24693,25440,25876,26614,27359,27388,28090
RA,2,25244,25845,26680,27388,27699,28514,29329,30144,30959,31774
RA,3,27543,28461,29379,30297,31215,32133,33051,33969,34887,35805
RA,4,30921,31951,32982,34012,35042,36072,37103,38133,39163,40193
RA,5,34595,35748,36902,38055,39209,40362,41515,42669,43822,44975
RA,6,38562,39847,41132,42416,43701,44986,46271,47556,48841,50125
RA,7,42853,44281,45709,47137,48566,49994,51422,52851,54279,55707
RA,8,47458,49040,50623,52205,53788,55370,56952,58535,60117,61700
RA,9,52418,54165,55913,57660,59407,61155,62902,64650,66397,68144
RA,10,57725,59649,61573,63497,65422,67346,69270,71194,73119,75043
RA,11,63420,65534,67648,69763,71877,73991,76106,78220,80334,82448
RA,12,76015,78549,81082,83616,86150,88684,91218,93751,96285,98819
RA,13,90391,93404,96417,99430,102443,105456,108469,111482,114495,117508
RA,14,106815,110376,113936,117497,121057,124618,128178,131739,135299,138860
RA,15,125643,129831,134019,138207,142395,146583,150771,154959,159147,163335
RCH,1,22315,23062,23804,24542,25284,25718,26451,27192,27221,27918
RCH,2,25090,25687,26517,27221,27530,28340,29150,29960,30770,31580
RCH,3,27375,28287,29200,30112,31024,31937,32849,33761,34674,35586
RCH,4,30732,31756,32780,33804,34828,35852,36876,37900,38924,39948
RCH,5,34384,35530,36676,37823,38969,40115,41262,42408,43554,44701
RCH,6,38326,39603,40880,42157,43434,44711,45988,47265,48542,49819
RCH,7,42591,44011,45430,46850,48269,49689,51108,52528,53947,55367
RCH,8,47168,48741,50314,51886,53459,55032,56605,58177,59750,61323
RCH,9,52098,53834,55571,57308,59045,60781,62518,64255,65991,67728
RCH,10,57372,59285,61197,63110,65022,66935,68847,70760,72672,74585
RCH,11,63032,65134,67235,69337,71438,73539,75641,77742,79844,81945
RCH,12,75550,78069,80587,83105,85624,88142,90661,93179,95697,98216
RCH,13,89839,92833,95828,98823,101817,104812,107807,110801,113796,116791
RCH,14,106163,109701,113240,116779,120318,123856,127395,130934,134473,138011
RCH,15,124876,129038,133200,137363,141525,145688,149850,154012,158175,162337
RUS,1,21672,22398,23119,23835,24557,24978,25689,26409,26437,27114
RUS,2,24367,24948,25754,26437,26737,27524,28311,29097,29884,30671
RUS,3,26587,27473,28359,29245,30131,31017,31903,32789,33675,34561
RUS,4,29847,30842,31836,32831,33825,34820,35814,36809,37803,38798
RUS,5,33394,34507,35620,36734,37847,38960,40074,41187,42300,43414
RUS,6,37223,38463,39703,40944,42184,43424,44664,45905,47145,48385
RUS,7,41365,42743,44122,45501,46879,48258,49637,51015,52394,53773
RUS,8,45810,47337,48865,50392,51920,53447,54975,56502,58030,59557
RUS,9,50598,52285,53971,55658,57345,59031,60718,62405,64091,65778
RUS,10,55720,57578,59435,61293,63150,65008,66865,68722,70580,72437
RUS,11,61218,63259,65299,67340,69381,71422,73463,75504,77545,79586
RUS,12,73375,75821,78267,80713,83159,85605,88050,90496,92942,95388
RUS,13,87252,90161,93069,95977,98886,101794,104703,107611,110520,113428
RUS,14,103106,106543,109980,113417,116854,120291,123727,127164,130601,134038
RUS,15,121280,125323,129366,133408,137451,141493,145536,149578,153621,157663
SAC,1,23455,24240,25021,25796,26576,27032,27803,28582,28612,29345
SAC,2,26372,27000,27872,28612,28936,29788,30639,31491,32342,33194
SAC,3,28774,29733,30692,31651,32610,33569,34528,35486,36445,37404
SAC,4,32303,33379,34455,35531,36608,37684,38760,39837,40913,41989
SAC,5,36141,37346,38551,39755,40960,42165,43370,44575,45780,46985
SAC,6,40285,41627,42969,44312,45654,46996,48338,49681,51023,52365
SAC,7,44767,46259,47751,49244,50736,52228,53720,55212,56704,58196
SAC,8,49578,51231,52884,54538,56191,57844,59497,61150,62803,64456
SAC,9,54760,56585,58411,60236,62062,63887,65713,67538,69363,71189
SAC,10,60304,62314,64324,66334,68345,70355,72365,74375,76386,78396
SAC,11,66253,68462,70671,72880,75088,77297,79506,81715,83923,86132
SAC,12,79411,82058,84705,87352,89999,92646,95293,97940,100587,103234
SAC,13,94429,97577,100725,103872,107020,110168,113315,116463,119611,122759
SAC,14,111587,115307,119027,122746,126466,130185,133905,137624,141344,145064
SAC,15,131257,135632,140007,144382,148757,153132,157507,161882,164200,164200
SD,1,24022,24827,25626,26420,27219,27686,28475,29273,29304,30054
SD,2,27010,27653,28547,29304,29636,30508,31380,32253,33125,33997
SD,3,29470,30452,31434,32416,33398,34381,35363,36345,37327,38309
SD,4,33084,34186,35288,36391,37493,38595,39698,40800,41902,43005
SD,5,37015,38249,39483,40717,41951,43185,44419,45653,46887,48121
SD,6,41259,42634,44009,45383,46758,48133,49507,50882,52257,53632
SD,7,45850,47378,48906,50435,51963,53491,55019,56547,58075,59604
SD,8,50777,52470,54164,55857,57550,59243,60936,62629,64322,66015
SD,9,56084,57954,59824,61693,63563,65432,67302,69172,71041,72911
SD,10,61762,63821,65880,67939,69998,72057,74115,76174,78233,80292
SD,11,67856,70118,72380,74642,76904,79167,81429,83691,85953,88215
SD,12,81332,84043,86754,89465,92176,94887,97598,100309,103020,105731
SD,13,96713,99937,103161,106385,109609,112832,116056,119280,122504,125728
SD,14,114286,118096,121905,125715,129525,133334,137144,140953,144763,148572
SD,15,134431,138912,143393,147874,152355,156836,161317,164200,164200,164200
SEA,1,23502,24289,25071,25848,26630,27086,27858,28639,28669,29403
SEA,2,26424,27054,27928,28669,28994,29847,30701,31554,32407,33260
SEA,3,28832,29792,30753,31714,32675,33636,34597,35558,36518,37479
SEA,4,32367,33446,34524,35603,36681,37759,38838,39916,40995,42073
SEA,5,36213,37420,38628,39835,41042,42250,43457,44664,45872,47079
SEA,6,40365,41710,43055,44400,45745,47090,48435,49780,51125,52470
SEA,7,44857,46352,47847,49342,50837,52332,53827,55322,56817,58313
SEA,8,49677,51334,52990,54647,56303,57960,59616,61273,62929,64586
SEA,9,54869,56699,58528,60357,62186,64015,65844,67673,69502,71331
SEA,10,60424,62439,64453,66467,68481,70496,72510,74524,76539,78553
SEA,11,66386,68599,70812,73025,75239,77452,79665,81878,84091,86305
SEA,12,79570,82222,84875,87527,90179,92832,95484,98136,100789,103441
SEA,13,94618,97772,100926,104080,107234,110388,113542,116696,119850,123004
SEA,14,111811,115538,119265,122992,126719,130446,134173,137900,141627,145354
SEA,15,131519,135903,140287,144671,149055,153439,157823,162206,164200,164200
SF,1,26164,27040,27910,28775,29646,30154,31013,31883,31916,32734
SF,2,29417,30118,31091,31916,32278,33228,34178,35128,36078,37028
SF,3,32097,33167,34236,35306,36376,37445,38515,39585,40654,41724
SF,4,36033,37234,38434,39635,40836,42036,43237,44437,45638,46838
SF,5,40315,41659,43003,44347,45691,47035,48379,49723,51067,52411
SF,6,44937,46435,47932,49429,50926,52424,53921,55418,56915,58413
SF,7,49937,51602,53266,54931,56595,58259,59924,61588,63253,64917
SF,8,55304,57148,58992,60836,62680,64524,66368,68212,70056,71901
SF,9,61084,63120,65157,67193,69229,71265,73302,75338,77374,79410
SF,10,67268,69510,71753,73995,76238,78480,80723,82965,85207,87450
SF,11,73905,76369,78832,81296,83760,86224,88688,91152,93616,96080
SF,12,88582,91535,94488,97440,100393,103346,106298,109251,112204,115157
SF,13,105335,108846,112357,115868,119380,122891,126402,129913,133425,136936
SF,14,124475,128624,132773,136922,141071,145220,149369,153519,157668,161817
SF,15,146415,151296,156176,161056,164200,164200,164200,164200,164200,164200
SL,1,21879,22611,23339,24063,24791,25216,25934,26661,26689,27373
SL,2,24600,25185,26000,26689,26992,27786,28581,29375,30169,30964
SL,3,26841,27735,28629,29524,30418,31313,32207,33102,33996,34891
SL,4,30132,31136,32140,33144,34148,35152,36156,37160,38164,39168
SL,5,33712,34836,35960,37084,38208,39332,40456,41580,42704,43828
SL,6,37578,38830,40082,41334,42586,43838,45090,46342,47594,48846
SL,7,41759,43151,44543,45935,47326,48718,50110,51502,52894,54286
SL,8,46247,47789,49331,50873,52415,53957,55499,57041,58583,60125
SL,9,51080,52783,54486,56189,57891,59594,61297,63000,64703,66405
SL,10,56252,58127,60002,61877,63752,65627,67503,69378,71253,73128
SL,11,61801,63862,65922,67982,70043,72103,74163,76224,78284,80345
SL,12,74075,76544,79013,81482,83952,86421,88890,91359,93828,96297
SL,13,88084,91020,93956,96893,99829,102765,105701,108637,111574,114510
SL,14,104089,107559,111029,114498,117968,121437,124907,128377,131846,135316
SL,15,122437,126518,130599,134680,138761,142842,146923,151005,155086,159167
TU,1,21823,22553,23279,24001,24727,25151,25868,26592,26620,27302
TU,2,24536,25121,25933,26620,26922,27715,28507,29299,30092,30884
TU,3,26771,27664,28556,29448,30340,31232,32124,33017,33909,34801
TU,4,30054,31056,32057,33058,34060,35061,36063,37064,38065,39067
TU,5,33625,34746,35867,36989,38110,39231,40352,41473,42594,43715
TU,6,37481,38730,39979,41228,42476,43725,44974,46223,47472,48721
TU,7,41652,43040,44428,45816,47205,48593,49981,51369,52757,54146
TU,8,46128,47666,49204,50742,52280,53818,55356,56894,58432,59970
TU,9,50949,52647,54345,56044,57742,59441,61139,62838,64536,66234
TU,10,56107,57977,59847,61718,63588,65458,67329,69199,71069,72940
TU,11,61642,63697,65752,67807,69862,71917,73972,76027,78083,80138
TU,12,73884,76347,78810,81273,83735,86198,88661,91124,93587,96049
TU,13,87857,90786,93714,96643,99572,102500,105429,108358,111286,114215
TU,14,103821,107282,110743,114203,117664,121125,124585,128046,131507,134967
TU,15,122121,126192,130263,134333,138404,142474,146545,150616,154686,158757
